0;Е100;КУРКУМИНЫ;Н;Безопасен и может быть полезен. Обязательно должен быть ограничен в количестве. Разрешен;0
1;Е101;РИБОФЛАВИН;Н;Низкий уровень опасности и может быть полезен. Данная пищевая добавка может содержать ГМО. Разрешен;0
2;Е101а;;Н;Разрешен;0
3;Е102;ТАРТРАЗИН;О;Очень опасен. Аллергические реакции, негативное влияние на детей. Мигрень и нарушение зрения. Запрещен в ряде стран;1
4;Е103;АЛКАНЕТ, АЛКАНИН;З;Опасный. Раковые опухоли. Не разрешен в большинстве стран;3
5;Е104;ЖЕЛТЫЙ ХИНОЛИНОВЫЙ;П;Опасный. Заболевания желудочно-кишечного тракта, аллергические реакции, негативное влияние на детей. Разрешен;1
6;Е105;;З;Опасный. Токсическое воздействие. Запрещен в большинстве стран;3
7;Е106;;Н;Аллергические реакции, негативное воздействие на почки и зрение. Запрещен в большинстве стран;0
8;Е107;ЖЕЛТЫЙ;Н;Аллергические реакции. Не разрешен в большинстве стран;0
9;Е110;ЛИЗОЦИМ;О;Очень опасен. Аллергические реакции, канцероген, негативное влияние на детей. Запрещен в ряде стран;1
10;Е111;;З;Опасный. Канцерогенный. Запрещен в большинстве стран;3
11;Е120;КОШЕНИЛЬ, КАРМИНОВАЯ, КАРМИНЫ;О;Средний уровень опасности. Аллергические реакции. Разрешен;1
12;Е121;;З;Очень опасен. Раковые опухоли. Запрещен в большинстве стран;3
13;Е122;АЗОРУБИН, КАРМУАЗИН;П;Очень опасен. Заболевания желудочно-кишечного тракта, аллергические реакции. Запрещен в ряде стран;1
14;Е123;;ОО, З;Очень опасен. Раковые опухоли, аллергические реакции. Запрещен в большинстве стран;1
15;Е124;ПОНСО, КОШЕНИЛЕВЫЙ КРАСНЫЙ А;О;Опасный. Аллергические реакции. Разрешен;1
16;Е125;ПОНСО, ПУНЦОВЫЙ;З;Опасный. Раковые опухоли. Не разрешен в большинстве стран;3
17;Е126;;З;Опасный. Раковые опухоли. Запрещен в большинстве стран;3
18;Е127;ЭРИТРОЗИН;О;Опасный. Аллергические реакции, негативное влияние на детей. Не разрешен в большинстве стран;1
19;Е128;КРАСНЫЙ ;Н;Аллергические реакции, генетические изменения, раковые опухоли, негативное влияние на детей. Не разрешен в большинстве стран;0
20;Е129;КРАСНЫЙ ОЧАРОВАТЕЛЬНЫЙ АС;О;Опасный. Аллергические реакции. Запрещен в ряде стран;1
21;Е130;;З;Средний уровень опасности. Раковые опухоли, заболевания желудочно-кишечного тракта. Негативное влияние на детей. Запрещен в большинстве стран;3
22;Е131;СИНИЙ ПАТЕНТОВАННЫЙ V;Р;Средний уровень опасности. Раковые опухоли, аллергические реакции. Разрешен;2
23;Е132;ИНДИГОТИН, ИНДИГОКАРМИН;Н;Аллергические реакции. Разрешен;0
24;Е133;СИНИЙ БЛЕСТЯЩИЙ;Н;Аллергические реакции. Разрешен;0
25;Е140; ХЛОРОФИЛЛЫ, ХЛОРОФИЛЛИНЫ;Н;Низкий уровень опасности. Негативное влияние на детей. Не разрешен в большинстве стран;0
26;Е141;МЕДНЫЕ КОМПЛЕКСЫ ХЛОРОФИЛЛОВ, ХЛОРОФИЛЛИНОВ;П;Подозрителен. Заболевания желудочно-кишечного тракта. Разрешен;1
27;Е142;АЦЕТИЛИРОВАННЫЙ КРАХМАЛ;Р;Средний уровень опасности. Раковые опухоли, аллергические реакции. Разрешен;2
28;Е143;ЗЕЛЕНЫЙ ПРОЧНЫЙ FCF;Н;Запрещен в большинстве стран;0
29;Е150а;;Н;Средний уровень опасности. Заболевания желудочно-кишечного тракта. Может содержать ГМО. Разрешен;0
30;Е150b;САХАРНЫЙ КОЛЕР ;Н;Средний уровень опасности. Заболевания желудочно-кишечного тракта. Может содержать ГМО. Разрешен;0
31;Е150с;;Н;Средний уровень опасности. Заболевания желудочно-кишечного тракта. Может содержать ГМО. Разрешен;0
32;Е150d;САХАРНЫЙ КОЛЕР;Н;Средний уровень опасности. Заболевания желудочно-кишечного тракта. Может содержать ГМО. Разрешен;0
33;Е151;ЧЕРНЫЙ БЛЕСТЯЩИЙ BN, ЧЕРНЫЙ PN;ВК;Заболевания желудочно-кишечного тракта, кожи, аллергические реакции. Запрещен в ряде стран;1
34;Е152;УГОЛЬ, ПОЛИЭТИЛЕНГЛИКОЛЬ;З;Средний уровень опасности. Раковые опухоли, заболевания желудочно-кишечного тракта. Разрешен;3
35;Е153;УГОЛЬ РАСТИТЕЛЬНЫЙ;Р;Средний уровень опасности. Может быть опасным для детей. Раковые опухоли, заболевания желудочно-кишечного тракта. Данная пищевая добавка может содержать ГМО. Не разрешен в большинстве стран;2
36;Е154;КОРИЧНЕВЫЙ FK;РК, РД;Опасный. Кишечные растройства, нарушения артериального давления, аллергические реакции, негативное влияние на детей. Запрещен;1
37;Е155;КОРИЧНЕВЫЙ HT;О;Опасный. Аллергические реакции, негативное влияние на детей. Не разрешен в большинстве стран;1
38;Е160а;;Н;Низкий уровень опасности и может быть полезен. Данная пищевая добавка может содержать ГМО. Разрешен;0
39;Е160b;АННАТО, БИКСИН, НОРБИКСИН;Н;Низкий уровень опасности. Аллергические реакции. Данная пищевая добавка может содержать ГМО. Разрешен;0
40;Е160с;;Н;Разрешен;0
41;Е160d;ЛИКОПИН;Н;Подозрителен. Не разрешен в большинстве стран. Данная пищевая добавка может содержать ГМО;0
42;Е160е;;Н;Разрешен;0
43;Е160f;МЕТИЛОВЫЙ, ЭТИЛОВЫЙ;Н;Подозрителен. Сыры. Не разрешен в большинстве стран;0
44;Е161а;ФЛАВОКСАНТИН;Н;Заболевания желудочно-кишечного тракта. Запрещен в большинстве стран;0
45;Е161b;ЛУТЕИН;Н;Безопасен и может быть полезен. Заболевания желудочно-кишечного тракта. Разрешен;0
46;Е161с;КРИПТОКСАНТИН;Н;Средний уровень опасности. Заболевания желудочно-кишечного тракта. Запрещен в ряде стран;0
47;Е161d;РУБИКСАНТИН;Н;Заболевания желудочно-кишечного тракта. Запрещен в ряде стран;0
48;Е161е;;Н;Заболевания желудочно-кишечного тракта. Запрещен в ряде стран;0
49;Е161f;РОДОКСАНТИН;Н;Заболевания желудочно-кишечного тракта. Запрещен в ряде стран;0
50;Е161g;КАНТАКСАНТИН;Н;Заболевания желудочно-кишечного тракта. Разрешен;0
51;Е161h;;Н;Запрещен в ряде стран;0
52;Е161i;;Н;Запрещен в ряде стран;0
53;Е162;СВЕКОЛЬНЫЙ КРАСНЫЙ, БЕТАНИН;Н;Безопасен и может быть полезен. Разрешен;0
54;Е163;АНТОЦИАНЫ;Н;Безопасен и может быть полезен. Разрешен;0
55;Е164;ШАФРАН;Н;Низкий уровень опасности. Токсическое воздействие (отравление). Запрещен в ряде стран;0
56;Е165;;Н;Не разрешен в большинстве стран;0
57;Е166;САНДАЛОВОЕ ДЕРЕВО;Н;Не разрешен в большинстве стран;0
58;Е170;КАРБОНАТЫ КАЛЬЦИЯ;Н;Низкий уровень опасности. Токсическое воздействие. Разрешен;0
59;Е171;ДИОКСИД ТИТАНА;П;Подозрителен. Негативное влияние на детей. Разрешен;1
60;Е172;ОКСИДЫ И ГИДРОКСИДЫ ЖЕЛЕЗА;Н;Разрешен;0
61;Е173;АЛЮМИНИЙ;П;Подозрителен. Заболевания печени. Не разрешен в большинстве стран;1
62;Е174;СЕРЕБРО;Н;Не разрешен в большинстве стран;0
63;Е175;ЗОЛОТО;Н;Гипоаллергенные свойства. Не разрешен в большинстве стран;0
64;Е180;РУБИНОВЫЙ ЛИТОЛ ВК;О;Опасный. Заболевания желудочно-кишечного тракта, аллергические реакции. Не разрешен в большинстве стран;1
65;Е181;ТАНИНЫ ПИЩЕВЫЕ;Н;Низкий уровень опасности. Раздражение органов пищеварения. Разрешен;0
66;Е182;ОРСЕЙЛ, ОРСИН;Н;Не разрешен в большинстве стран;0
67;Е200;СОРБИНОВАЯ КИСЛОТА;Н;Низкий уровень опасности. Аллергические реакции, уничтожает в организме витамин В12, негативное влияние на детей. Разрешен;0
68;Е201;СОРБАТ НАТРИЯ;О;Опасный. Аллергические реакции, негативное влияние на детей. Разрешен;1
69;Е202;СОРБАТ КАЛИЯ;Н;Низкий уровень опасности. Аллергические реакции, негативное влияние на детей. Разрешен;0
70;Е203;СОРБАТ КАЛЬЦИЯ;Н;Негативное влияние на детей. Разрешен;0
71;Е209;ПАРА-ГИДРОКСИБЕНЗОЙНОЙ КИСЛОТЫ ГЕПТИЛОВЫЙ ЭФИР;Н;Негативное влияние на детей. Не разрешен в большинстве стран (Подробнее - в разделах сайта produkt-pitaniya.ru);0
72;Е210;БЕНЗОЙНАЯ КИСЛОТА;Р;Раковые опухоли, аллергические реакции, сильный канцароген, может вызвать каменно-почечную болезнь, негативное влияние на детей. Разрешен;2
73;Е211;БЕНЗОАТ НАТРИЯ;Р;Очень опасен. Раковые опухоли, аллергические реакции, негативное влияние на детей. Разрешен;2
74;Е212;БЕНЗОАТ КАЛИЯ;Р;Раковые опухоли, аллергические реакции, негативное влияние на детей. Разрешен;2
75;Е213;БЕНЗОАТ КАЛЬЦИЯ;Р;Раковые опухоли, аллергические реакции, расстройство кишечника, негативное влияние на детей. Не разрешен в большинстве стран;2
76;Е214;ПАРА-ГИДРОКСИБЕНЗОЙНОЙ КИСЛОТЫ ЭТИЛОВЫЙ ЭФИР;Р;Раковые опухоли, аллергические реакции, негативное влияние на детей. Не разрешен в большинстве стран;2
77;Е215;ПАРА-ГИДРОКСИБЕНЗОЙНОЙ КИСЛОТЫ ЭТИЛОВОГО ЭФИРА НАТРИЕВАЯ СОЛЬ;Р;Раковые опухоли, аллергические реакции, негативное влияние на детей. Не разрешен в большинстве стран;2
78;Е216;ПАРА-ОКСИБЕНЗОЙНОЙ КИСЛОТЫ ПРОПИЛОВЫЙ ЭФИР;Р, З;Очень опасен. Раковые опухоли, аллергические реакции, негативное влияние на детей. Запрещен в большинстве стран;3
79;Е217;ПАРА-ОКСИБЕНЗОЙНОЙ КИСЛОТЫ ПРОПИЛОВОГО ЭФИРА НАТРИЕВАЯ СОЛЬ;Н;Очень опасен. Раковые опухоли, аллергические реакции, расстройство кишечника, негативное влияние на детей. Запрещен в большинстве стран;0
80;Е218;ПАРА-ГИДРОКСИБЕНЗОЙНОЙ КИСЛОТЫ МЕТИЛОВЫЙ ЭФИР;Н;Аллергические реакции, негативное влияние на детей. Не разрешен в большинстве стран;0
81;Е219;ПАРА-ГИДРОКСИБЕНЗОЙНОЙ КИСЛОТЫ МЕТИЛОВОГО ЭФИРА НАТРИЕВАЯ СОЛЬ;Р;Раковые опухоли, аллергические реакции, негативное влияние на детей. Не разрешен в большинстве стран;2
82;Е220;ДИОКСИД СЕРЫ;О;Опасный. Заболевания желудочно-кишечного тракта, аллергические реакции, раздражает дыхательные пути, негативное влияние на детей. Разрешен;1
83;Е221;СУЛЬФИТ НАТРИЯ;Н;Заболевания желудочно-кишечного тракта, аллергические реакции, раздражает дыхательные пути, негативное влияние на детей. Разрешен;0
84;Е222;ГИДРОСУЛЬФИТ НАТРИЯ;О;Опасный. Заболевания желудочно-кишечного тракта, аллергические реакции, раздражает дыхательные пути, негативное влияние на детей. Разрешен;1
85;Е223;ПИРОСУЛЬФИТ НАТРИЯ;О;Опасный. Заболевания желудочно-кишечного тракта, аллергические реакции, раздражает дыхательные пути, негативное влияние на детей. Разрешен;1
86;Е224;ПИРОСУЛЬФИТ КАЛИЯ;О;Опасный. Заболевания желудочно-кишечного тракта, аллергические реакции, раздражает дыхательные пути, негативное влияние на детей. Разрешен;1
87;Е225;СУЛЬФИТ КАЛИЯ;Н;Заболевания желудочно-кишечного тракта, аллергические реакции, раздражает дыхательные пути, негативное влияние на детей. Не разрешен в большинстве стран;0
88;Е226;СУЛЬФИТ КАЛЬЦИЯ;Н;Заболевания желудочно-кишечного тракта, аллергические реакции, раздражает дыхательные пути, негативное влияние на детей. Не разрешен в большинстве стран;0
89;Е227;ГИДРОСУЛЬФИТ КАЛЬЦИЯ;Н;Заболевания желудочно-кишечного тракта, аллергические реакции, раздражает дыхательные пути, негативное влияние на детей. Не разрешен в большинстве стран;0
90;Е228;ГИДРОСУЛЬФИТ КАЛИЯ (БИСУЛЬФИТ КАЛИЯ);О;Опасный. Заболевания желудочно-кишечного тракта, аллергические реакции, раздражает дыхательные пути, негативное влияние на детей. Не разрешен в большинстве стран;1
91;Е230;БИФЕНИЛ, ДИФЕНИЛ;Р;Раковые опухоли, аллергические реакции, заболевания кожи, негативное влияние на детей. Не разрешен в большинстве стран;2
92;Е231;ОРТОФЕНИЛФЕНОЛ;ВК;Раковые опухоли, аллергические реакции, заболевания кожи, негативное влияние на детей. Не разрешен в большинстве стран;1
93;Е232;ОРТОФЕНИЛФЕНОЛ НАТРИЯ;ВК;Раковые опухоли, аллергические реакции, заболевания кожи, негативное влияние на детей. Не разрешен в большинстве стран;1
94;Е233;ТИАБЕНДАЗОЛ;О;Опасный. Раковые опухоли, аллергические реакции, заболевания кожи, негативное влияние на детей. Не разрешен в большинстве стран;1
95;Е234;НИЗИН;Н;Средний уровень опасности. Негативное влияние на детей. Данная пищевая добавка может содержать ГМО. Разрешен;0
96;Е235;НАТАМИЦИН (ПИМАРИЦИН);Н;Средний уровень опасности. Заболевания желудочно-кишечного тракта, аллергические реакции, негативное влияние на детей. Данная пищевая добавка может содержать ГМО. Разрешен;0
97;Е236;МУРАВЬИНАЯ КИСЛОТА;Н;Негативное влияние на детей. Запрещен в ряде стран;0
98;Е237;ФОРМИАТ НАТРИЯ;Н;Негативное влияние на детей. Не разрешен в большинстве стран;0
99;Е238;ФОРМИАТ КАЛЬЦИЯ;Н;Негативное влияние на детей. Не разрешен в большинстве стран;0
100;Е239;ГЕКСАМЕТИЛЕНТЕТРАМИН;ВК;Опасный. Раковые опухоли, аллергические реакции, заболевания кожи, негативное влияние на детей. Не разрешен;1
101;Е240;ФОРМАЛЬДЕГИД;Р;Очень опасен. Раковые опухоли, токсическое воздействие, аллергические реакции, нашение неврной системы, негативное влияние на детей. Запрещен в большинстве стран;2
102;Е241;ГВАЯКОВАЯ СМОЛА;П;Подозрителен. Заболевания желудочно-кишечного тракта. Не разрешен в большинстве стран;1
103;Е242;ДИМЕТИЛДИКАРБОНАТ;О;Опасный. Разрешен;1
104;Е249;НИТРИТ КАЛИЯ;Р;Раковые опухоли, негативно действует на детский организм. Разрешен;2
105;Е250;НИТРИТ НАТРИЯ;РД;Средний уровень опасности. Вызывают разнообразные аллергические и воспалительные реакции, головную боль, печеночные колики, раздражительность и утомляемость. Повышает артериальное давление. Возможно, канцерогенны. Негативное влияние на детей. Разрешен;1
106;Е251;НИТРАТ НАТРИЯ;РД;Вызывают разнообразные аллергические и воспалительные реакции, головную боль, печеночные колики, раздражительность и утомляемость. Повышает артериальное давление. Возможно, канцерогенны. Негативное влияние на детей. Разрешен;1
107;Е252;НИТРАТ КАЛИЯ;Р;Негативное влияние на детей. Не разрешен в большинстве стран;2
108;Е260;УКСУСНАЯ КИСЛОТА;Н;Низкий уровень опасности. Токсическое воздействие. Негативное влияние на детей. Разрешен;0
109;Е261;АЦЕТАТ КАЛИЯ;Н;Негативное влияние на функции почек, негативное влияние на детей. Разрешен;0
110;Е262;АЦЕТАТЫ НАТРИЯ: АЦЕТАТ НАТРИЯ, ГИДРОАЦЕТАТ НАТРИЯ (ДИАЦЕТАТ НАТРИЯ);Н;Негативное влияние на детей. Разрешен;0
111;Е263;АЦЕТАТ КАЛЬЦИЯ;Н;Негативное влияние на детей. Не разрешен в большинстве стран;0
112;Е264;АЦЕТАТ АММОНИЯ;Н;Может вызывать тошноту, проблемы с желудочно-кишечным трактом. Не имеет разрешения на использование в России. Негативное влияние на детей. Не разрешен в большинстве стран;0
113;Е265;ДЕГИДРОАЦЕТОВАЯ КИСЛОТА;Н;Запрещен в большинстве стран;0
114;Е266;ДЕГИДРОАЦЕТАТ НАТРИЯ;Н;Запрещен в большинстве стран;0
115;Е270;МОЛОЧНАЯ КИСЛОТА;О;Опасный. Опасно для детей. Нагрузка на почки. Данная пищевая добавка может содержать ГМО. Разрешен;1
116;Е280;ПРОПИОНОВАЯ КИСЛОТА;Р;Раковые опухоли. Негативное влияние на детей. Разрешен;2
117;Е281;ПРОПИОНАТ НАТРИЯ;Р;Раковые опухоли. Провоцируют спазм сосудов головного мозга. Могут вызывать мигрень. Негативное влияние на детей. Не разрешен в большинстве стран;2
118;Е282;ПРОПИОНАТ КАЛЬЦИЯ;Р;Раковые опухоли. Провоцируют спазм сосудов головного мозга. Могут вызывать мигрень. Негативное влияние на детей. Не разрешен в большинстве стран;2
119;Е283;ПРОПИОНАТ КАЛИЯ;Р;Раковые опухоли. Провоцируют спазм сосудов головного мозга. Могут вызывать мигрень. Негативное влияние на детей. Не разрешен в большинстве стран;2
120;Е284;БОРНАЯ КИСЛОТА;Н;Аллергические реакции. Разрешен;0
121;Е285;ТЕТРАБОРАТ НАТРИЯ;Н;Разрешен;0
122;Е290;ДИОКСИД УГЛЕРОДА;Н;Низкий уровень опасности. Разрешен;0
123;Е296;ЯБЛОЧНАЯ (МАЛОНОВАЯ) КИСЛОТА;Н;Низкий уровень опасности. Негативное влияние на детский организм. Разрешен;0
124;Е297;ФУМАРОВАЯ КИСЛОТА;Н;Низкий уровень опасности. Разрешен;0
125;Е300;АСКОРБИНОВАЯ КИСЛОТА;Н;Низкий уровень опасности и может быть полезен. Аллергические реакции, негативное влияние на мочевой тракт, понос. Данная пищевая добавка может содержать ГМО. Разрешен;0
126;Е301;НАТРИЕВАЯ СОЛЬ АСКОРБИНОВОЙ КИСЛОТЫ (АСКОРБАТ НАТРИЯ);Н;Низкий уровень опасности и может быть полезен. Данная пищевая добавка может содержать ГМО. Разрешен;0
127;Е302;КАЛЬЦИЕВАЯ СОЛЬ АСКОРБИНОВОЙ КИСЛОТЫ (АСКОРБАТ КАЛЬЦИЯ);Н;Может содержать ГМО. Не разрешен в большинстве стран;0
128;Е303;АСКОРБАТ КАЛИЯ;Н;Может содержать ГМО. Не разрешен в большинстве стран;0
129;Е304;АСКОРБИЛПАЛЬМИТАТ;Н;Может содержать ГМО. Разрешен;0
130;Е305;АСКОРБИЛСТЕАРАТ;Н;Не разрешен в большинстве стран;0
131;Е306;КОНЦЕНТРАТ СМЕСИ ТОКОФЕРОЛОВ;Н;Может содержать ГМО. Разрешен;0
132;Е307;A-ТОКОФЕРОЛ;Н;Безопасен и может быть полезен. Данная пищевая добавка может содержать ГМО. Разрешен;0
133;Е308;G-ТОКОФЕРОЛ СИНТЕТИЧЕСКИЙ;Н;Подозрителен. Не разрешен в большинстве стран. Данная пищевая добавка может содержать ГМО;0
134;Е309;D-ТОКОФЕРОЛ СИНТЕТИЧЕСКИЙ;Н;Подозрителен. Не разрешен в большинстве стран. Данная пищевая добавка может содержать ГМО;0
135;Е310;ПРОПИЛГАЛЛАТ;С;Негативное влияние на кожу, сыпь. Не разрешен в большинстве стран;1
136;Е311;ОКТИЛГАЛЛАТ;С;Аллергические реакции, заболевания желудочно-кишечного тракта, аллергические реакции на коже, негативное влияние на нервную систему. Не разрешен в большинстве стран;1
137;Е312;ДОДЕЦИЛГАЛЛАТ;С;Аллергические реакции, заболевания желудочно-кишечного тракта, аллергические реакции на коже, негативное влияние на нервную систему. Не разрешен в большинстве стран;1
138;Е313;ЭТИЛГАЛЛАТ;Н;Заболевания желудочно-кишечного тракта. Не разрешен в большинстве стран;0
139;Е314;ГВАЯКОВАЯ СМОЛА;Н;Не разрешен в большинстве стран;0
140;Е315;ЭРИТОРБОВАЯ (ИЗО-АСКОРБИНОВАЯ) КИСЛОТА;Н;Разрешен;0
141;Е316;ЭРИТОРБАТ НАТРИЯ;Н;Разрешен;0
142;Е317;ИЗО-АСКОРБИНАТ КАЛИЯ;Н;Не разрешен в большинстве стран;0
143;Е318;ИЗО-АСКОРБИНАТ КАЛЬЦИЯ;Н;Не разрешен в большинстве стран;0
144;Е319;ТРЕТ-БУТИЛГИДРОХИНОН;Н;Разрешен;0
145;Е320;БУТИЛГИДРОКСИАНИЗОЛ;Х;Опасный. Заболевания жулудочно-кишечного тракта, печени, аллергические реакции. Увеличивает содержание холестерина. Данная пищевая добавка может содержать ГМО. Разрешен;1
146;Е321;БУТИЛГИДРОКСИТОЛУОЛ;Х;Опасный. Заболевания жулудочно-кишечного тракта, печени, аллергические реакции. Увеличивает содержание холестерина. Данная пищевая добавка может содержать ГМО. Разрешен;1
147;Е322;ЛЕЦИТИНЫ;Н;Низкий уровень опасности. Заболевания желудочно-кишечного тракта и печени. Может содержать ГМО. Разрешен;0
148;Е323;АНОКСОМЕР;Н;Не разрешен в большинстве стран;0
149;Е324;ЭТОКСИХИН;Н;Не разрешен в большинстве стран;0
150;Е325;ЛАКТАТ НАТРИЯ;Н;Низкий уровень опасности. Вреден для людей с непереносимостью лактозы. Может содержать ГМО. Не разрешен в большинстве стран;0
151;Е326;ЛАКТАТ КАЛИЯ;Н;Низкий уровень опасности. Вреден для людей с непереносимостью лактозы. Может содержать ГМО. Разрешен;0
152;Е327;ЛАКТАТ КАЛЬЦИЯ;Н;Низкий уровень опасности. Вреден для людей с непереносимостью лактозы. Может содержать ГМО. Разрешен;0
153;Е328;ЛАКТАТ АММОНИЯ;Н;Не разрешен в большинстве стран;0
154;Е329;ЛАКТАТ МАГНИЯ;Н;Не разрешен в большинстве стран;0
155;Е330;ЛИМОННАЯ КИСЛОТА;Р;Низкий уровень опасности. Раковые опухоли. Данная пищевая добавка может содержать ГМО. Разрешен;2
156;Е331;ЦИТРАТ НАТРИЯ ОДНОЗАМЕЩЕННЫЙ, ЦИТРАТ НАТРИЯ ДВУЗАМЕЩЕННЫЙ, ЦИТРАТ НАТРИЯ ТРЕХЗАМЕЩЕННЫЙ;Н;Низкий уровень опасности. Повышение артериального давления. Разрешен;0
157;Е332;ЦИТРАТ КАЛИЯ ОДНОЗАМЕЩЕННЫЙ, ЦИТРАТ КАЛИЯ ДВУЗАМЕЩЕННЫЙ, ЦИТРАТ КАЛИЯ ТРЕХЗАМЕЩЕННЫЙ;Н;Разрешен;0
158;Е333;ОДНОЗАМЕЩЕННЫЙ ЦИТРАТ КАЛЬЦИЯ, ДВУЗАМЕЩЕННЫЙ ЦИТРАТ КАЛЬЦИЯ, ТРЕХЗАМЕЩЕННЫЙ ЦИТРАТ КАЛЬЦИЯ;Н;Разрешен;0
159;Е334;ВИННАЯ КИСЛОТА ;Н;Разрешен;0
160;Е335;ТАРТРАТ НАТРИЯ ОДНОЗАМЕЩЕННЫЙ, ТАРТРАТ НАТРИЯ ДВУЗАМЕЩЕННЫЙ;Н;Разрешен;0
161;Е336;ТАРТРАТ КАЛИЯ ОДНОЗАМЕЩЕННЫЙ, ТАРТРАТ КАЛИЯ ДВУЗАМЕЩЕННЫЙ;Н;Разрешен;0
162;Е337;ТАРТРАТ КАЛИЯ-НАТРИЯ;Н;Разрешен;0
163;Е338;ОРТОФОСФОРНАЯ КИСЛОТА;РХ;Заболевания желудочно-кишечного тракта. Разрешен;2
164;Е339;ОРТОФОСФАТ НАТРИЯ ОДНОЗАМЕЩЕННЫЙ, ОРТОФОСФАТ НАТРИЯ, ОРТОФОСФАТ НАТРИЯ;РХ;Заболевания желудочно-кишечного тракта. Разрешен;2
165;Е340;ОРТОФОСФАТ КАЛИЯ, ОДНОЗАМЕЩЕННЫЙ, ОРТОФОСФАТ КАЛИЯ ДВУЗАМЕЩЕННЫЙ, ОРТОФОСФАТ КАЛИЯ;РХ;Заболевания желудочно-кишечного тракта. Разрешен;2
166;Е341;ОРТОФОСФАТ КАЛЬЦИЯ ОДНОЗАМЕЩЕННЫЙ, ОРТОФОСФАТ КАЛЬЦИЯ ДВУЗАМЕЩЕННЫЙ, ОРТОФОСФАТ КАЛЬЦИЯ;РХ;Заболевания желудочно-кишечного тракта. Разрешен;2
167;Е342;ОРТОФОСФАТ АММОНИЯ ОДНОЗАМЕЩЕННЫЙ, ОРТОФОСФАТ АММОНИЯ ДВУЗАМЕЩЕННЫЙ;Н;Разрешен;0
168;Е343;ОРТОФОСФАТ МАГНИЯ ОДНОЗАМЕЩЕННЫЙ, ОРТОФОСФАТ МАГНИЯ ДВУЗАМЕЩЕННЫЙ, ОРТОФОСФАТ МАГНИЯ ТРЕХЗАМЕЩЕННЫЙ;РК;Кишечные растройства. Не разрешен в большинстве стран;1
169;Е344;ЦИТРАТ ЛЕЦИТИНА;Н;Не разрешен в большинстве стран;0
170;Е345;ЦИТРАТ МАГНИЯ;Н;Не разрешен в большинстве стран;0
171;Е349;МАЛАТ АММОНИЯ;Н;Не разрешен в большинстве стран;0
172;Е350;МАЛАТ НАТРИЯ, МАЛАТ НАТРИЯ ОДНОЗАМЕЩЕННЫЙ;Н;Не разрешен в большинстве стран;0
173;Е351;МАЛАТ КАЛИЯ;Н;Не разрешен в большинстве стран;0
174;Е352;МАЛАТ КАЛЬЦИЯ, МАЛАТ КАЛЬЦИЯ ОДНОЗАМЕЩЕННЫЙ;Н;Не разрешен в большинстве стран;0
175;Е353;МЕТА-ВИННАЯ КИСЛОТА;Н;Разрешен;0
176;Е354;ТАРТРАТ КАЛЬЦИЯ;Н;Разрешен;0
177;Е355;АДИПИНОВАЯ КИСЛОТА;Н;Не разрешен в большинстве стран;0
178;Е356;АДИПАТ НАТРИЯ;Н;Не разрешен в большинстве стран;0
179;Е357;АДИПАТ КАЛИЯ;Н;Не разрешен в большинстве стран;0
180;Е359;АДИПАТ АММОНИЯ;Н;Не разрешен в большинстве стран;0
181;Е363;ЯНТАРНАЯ КИСЛОТА;Н;Безопасен. Разрешен;0
182;Е365;ФУМАРАТЫ НАТРИЯ;Н;Не разрешен в большинстве стран;0
183;Е366;ФУМАРАТЫ КАЛИЯ;Н;Не разрешен в большинстве стран;0
184;Е367;ФУМАРАТЫ КАЛЬЦИЯ;Н;Не разрешен в большинстве стран;0
185;Е368;ФУМАРАТЫ АММОНИЯ;Н;Не разрешен в большинстве стран;0
186;Е370;1-ГЕПТОНОЛЛАКТОН, 4-ГЕПТОНОЛЛАКТОН;Н;Не разрешен в большинстве стран;0
187;Е375;НИКОТИНОВАЯ КИСЛОТА;Н;Не разрешен в большинстве стран;0
188;Е380;ЦИТРАТЫ АММОНИЯ ;Н;Разрешен;0
189;Е381;АММОНИЙ ЖЕЛЕЗО ЦИТРАТ;Н;Не разрешен в большинстве стран;0
190;Е383;ГЛИЦЕРОФОСФАТ КАЛЬЦИЯ;Н;Запрещен в большинстве стран;0
191;Е384;ИЗОПРОПИЛЦИТРАТНАЯ СМЕСЬ;Н;Не разрешен в большинстве стран;0
192;Е385;КАЛЬЦИЙ ДИНАТРИЕВАЯ СОЛЬ ЭТИЛЕНДИАМИНТРИУКСУСНОЙ КИСЛОТЫ ;Н;Разрешен;0
193;Е386;ЭТИЛЕНДИАМИНТЕТРААЦЕТАТ ДИНАТРИЙ;Н;Разрешен;0
194;Е387;ОКСИСТЕАРИН;Н;Не разрешен в большинстве стран;0
195;Е388;ТИОПРОПИОНОВАЯ КИСЛОТА;Н;Не разрешен в большинстве стран;0
196;Е389;ДИЛАУРИЛТИОДИПРОПИОНАТ;Н;Не разрешен в большинстве стран;0
197;Е390;ДИСТЕАРИЛТИОДИПРОПИОНАТ;Н;Не разрешен в большинстве стран;0
198;Е391;ФИТИНОВАЯ КИСЛОТА;Н;Запрещен в большинстве стран;0
199;Е392;;Н;Разрешен;0
200;Е399;ЛАКТОБИОНАТ КАЛЬЦИЯ;Н;Не разрешен в большинстве стран;0
201;Е400;АЛЬГИНОВАЯ КИСЛОТА;О;Опасный. Разрешен;1
202;Е401;АЛЬГИНАТ НАТРИЯ;О;Опасный. Разрешен;1
203;Е402;АЛЬГИНАТ КАЛИЯ;О;Опасный. Разрешен;1
204;Е403;АЛЬГИНАТ АММОНИЯ;О;Опасный. Не разрешен в большинстве стран;1
205;Е404;АЛЬГИНАТ КАЛЬЦИЯ;О;Опасный. Разрешен;1
206;Е405;ПРОПАН-1,2-ДИОЛ АЛЬГИНАТ;О;Опасный. Разрешен;1
207;Е406;АГАР;Н;Безопасен. Разрешен;0
208;Е407;КАРРАГИНАН;Н;Подозрителен. Заболевания желудочно-кишечного тракта. Разрешен;0
209;Е408;ГЛИКАН ПЕКАРСКИХ ДРОЖЖЕЙ;Н;Не разрешен в большинстве стран;0
210;Е409;АРАБИНОГАЛАКТАН;Н;Не разрешен в большинстве стран;0
211;Е410;КАМЕДЬ РОЖКОВОГО ДЕРЕВА;Н;Безопасен. Разрешен;0
212;Е411;ОВСЯНАЯ КАМЕДЬ;Н;Разрешен;0
213;Е412;ГУАРОВАЯ КАМЕДЬ;Н;Безопасен. Разрешен;0
214;Е413;ТРАГАКАИТ;Н;Разрешен;0
215;Е414;ГУММИАРАБИК;Н;Безопасен. Разрешен;0
216;Е415;КСАНТАНОВАЯ КАМЕДЬ;Н;Низкий уровень опасности. Данная пищевая добавка может содержать ГМО. Разрешен;0
217;Е416;КАРАЙИ КАМЕДЬ;Н;Разрешен;0
218;Е417;ТАРЫ КАМЕДЬ;Н;Разрешен;0
219;Е418;ГЕЛЛАНОВАЯ КАМЕДЬ;Н;Не разрешен в большинстве стран;0
220;Е419;ГХАТТИ КАМЕДЬ;Н;Не разрешен в большинстве стран;0
221;Е420;СОРБИТ, СОРБИТОВЫЙ СИРОП;Н;Средний уровень опасности. Расстройство желудка, катаракта. Разрешен;0
222;Е421;МАННИТ;Н;Низкий уровень опасности. Расстройство желудка, негативное влияние на почки. Разрешен;0
223;Е422;ГЛИЦЕРИН;Н;Безопасен. Разрешен;0
224;Е424;;Н;Запрещен в ряде стран;0
225;Е425;КОНЖАКОВАЯ КАМЕДЬ, КОНЖАКОВЫЙ ГЛЮКОМАННАН;Н;Опасный. Снижает уровень холестерина в крови, раздражение слизистых оболочек, растройства желудка. Разрешен;0
226;Е426;ГЕМИЦЕЛЛЮЛОЗА СОИ;Н;Разрешен;0
227;Е427;;Н;Разрешен;0
228;Е429;ПЕПТОНЫ;Н;Не разрешен в большинстве стран;0
229;Е430;ПОЛИОКСИЭТИЛЕН СТЕАРАТ;Н;Не разрешен в большинстве стран;0
230;Е431;ПОЛИОКСИЭТИЛЕН СТЕАРАТ;Н;Не разрешен в большинстве стран;0
231;Е432;ПОЛИОКСИЭТИЛЕНСОРБИТАН МОНОЛАУРАТ (ПОЛИСОРБАТ 20, ТВИН 20);Н;Не разрешен в большинстве стран;0
232;Е433;ПОЛИОКСИЭТИЛЕН СОРБИТАН ;Н;Не разрешен в большинстве стран;0
233;Е434;ПОЛИОКСИЭТИЛЕНСОРБИТАН МОНОПАЛЬМИТАТ ;Н;Не разрешен в большинстве стран;0
234;Е435;ПОЛИОКСИЭТИЛЕНСОРБИТАН МОНОСТЕАРАТ ;Н;Не разрешен в большинстве стран;0
235;Е436;ПОЛИОКСИЭТИЛЕНСОРБИТАН ТРИСТЕАРАТ;Н;Не разрешен в большинстве стран;0
236;Е440;ПЕКТИН, АМИДОПЕКТИН;Н;Безопасен. Разрешен;0
237;Е441;РАПСОВОЕ МАСЛО ГИДРОГЕНИЗИРОВАННОЕ С ВЫСОКИМ СОДЕРЖАНИЕМ ГЛИЦЕРИНА;Н;Запрещен в большинстве стран;0
238;Е442;ФОСФАТИДА АММОНИЙНЫЕ СОЛИ;Н;Не разрешен в большинстве стран;0
239;Е443;БРОМИРОВАННОЕ РАСТИТЕЛЬНОЕ МАСЛО;Н;Не разрешен в большинстве стран;0
240;Е444;САХАРОЗЫ АЦЕТАТ ИЗОБУТИРАТ;Н;Не разрешен в большинстве стран;0
241;Е445;ЭФИРЫ ГЛИЦЕРИНА, ЭФИРЫ СМОЛЯНЫХ КИСЛОТ;Н;Разрешен;0
242;Е446;СУКЦИСТЕАРИН;Н;Запрещен в большинстве стран;0
243;Е450;ДВУЗАМЕЩЕННЫЙ ПИРОФОСФАТНАТРИЯ, ТРЕХЗАМЕЩЕННЫЙ ПИРОФОСФАТ НАТРИЯ, ТЕТРАНАТРИЙПИРОФОСФАТ, ДВУЗАМЕЩЕННЫЙПИРОФОСФАТ КАЛИЯ, ТЕТРАКАЛИЙДИФОСФАТ, ДИКАЛЬЦИЙПИРОФОСФАТ, КАЛЬЦИЙДИГИДРОПИРОФОСФАТ;РХ;Низкий уровень опасности. Заболевания желудочно-кишечного тракта. Разрешен;2
244;Е451;ТРИФОСФАТ НАТРИЯ 5-ЗАМЕЩЕННЫЙ, ТРИФОСФАТ КАЛИЯ 5-ЗАМЕЩЕННЫЙ;РХ;Заболевания желудочно-кишечного тракта. Разрешен;2
245;Е452;ПОЛИФОСФАТ НАТРИЯ, ПОЛИФОСФАТ КАЛИЯ, ПОЛИФОСФАТ НАТРИЯ-КАЛЬЦИЯ, ПОЛИФОСФАТ КАЛЬЦИЯ;РХ;Заболевания желудочно-кишечного тракта. Разрешен;2
246;Е459;B-ЦИКЛОДЕКСТРИН;Н;Подозрителен. Данная пищевая добавка может содержать ГМО. Разрешен;0
247;Е460; МИКРОКРИСТАЛЛИЧЕСКАЯ ЦЕЛЛЮЛОЗА, ЦЕЛЛЮЛОЗА В ПОРОШКЕ;Н;Низкий уровень опасности. Данная пищевая добавка может содержать ГМО. Разрешен;0
248;Е461;МЕТИЛЦЕЛЛЮЛОЗА;РХ;Средний уровень опасности. Заболевания желудочно-кишечного тракта. Негативное влияние на детей. Данная пищевая добавка может содержать ГМО. Разрешен;2
249;Е462;ЭТИЛЦЕЛЛЮЛОЗА;РХ;Заболевания желудочно-кишечного тракта. Данная пищевая добавка может содержать ГМО. Не разрешен в большинстве стран;2
250;Е463;ГИДРОКСИПРОПИЛЦЕЛЛЮЛОЗА;РХ;Заболевания желудочно-кишечного тракта. Данная пищевая добавка может содержать ГМО. Не разрешен в большинстве стран;2
251;Е464;ГИДРОКСИПРОПИЛ МЕТИЛЦЕЛЛЮЛОЗА;Н;Средний уровень опасности. Заболевания желудочно-кишечного тракта. Может содержать ГМО. Разрешен;0
252;Е465;ЭТИЛМЕТИЛЦЕЛЛЮЛОЗА;РХ;Заболевания желудочно-кишечного тракта. Данная пищевая добавка может содержать ГМО. Не разрешен в большинстве стран;2
253;Е466;КАРБОКСИМЕТИЛЦЕЛЛЮЛОЗА, НАТРИЙКАРБОКСИМЕТИЛЦЕЛЛЮЛОЗА;РХ;Низкий уровень опасности. Заболевания желудочно-кишечного тракта. Может содержать ГМО. Разрешен;2
254;Е467;ЭТИЛГИДРОКСИЭТИЛЦЕЛЛЮЛОЗА;Н;Может содержать ГМО. Запрещен в большинстве стран;0
255;Е468;КРОСКАРАМЕЛЛОЗА;Н;Подозрителен. Данная пищевая добавка может содержать ГМО. Разрешен;0
256;Е469;КАРБОКСИМЕТИЛЦЕЛЛЮЛОЗА ФЕРМЕНТАТИВНО ГИДРОЛИЗОВАННАЯ;Н;Может содержать ГМО. Разрешен;0
257;Е470а;ЖИРНЫЕ КИСЛОТЫ, СОЛИ АЛЮМИНИЯ, СОЛИ КАЛЬЦИЯ,  СОЛИ НАТРИЯ, СОЛИ МАГНИЯ, СОЛИ КАЛИЯ, СОЛИ АММОНИЯ;Н;Может содержать ГМО. Разрешен;0
258;Е470b;МАГНИЕВЫЕ СОЛИ ЖИРНЫХ КИСЛОТ;Н;Разрешен;0
259;Е471;МОНО- И ДИГЛИЦЕРИДЫ ЖИРНЫХ КИСЛОТ;Н;Безопасен. Данная пищевая добавка может содержать ГМО. Разрешен;0
260;Е472а;ЭФИРЫ МОНО- И ДИГЛИЦЕРИДОВ УКСУСНОЙ И ЖИРНЫХ КИСЛОТ;Н;Может содержать ГМО. Разрешен;0
261;Е472b;ЭФИРЫ МОНО- И ДИГЛИЦЕРИДОВ МОЛОЧНОЙ И ЖИРНЫХ КИСЛОТ;Н;Может содержать ГМО. Разрешен;0
262;Е472с;ЭФИРЫ МОНО- И ДИГЛИЦЕРИДОВ ЛИМОННОЙ И ЖИРНЫХ КИСЛОТ;Н;Разрешен;0
263;Е472d;ЭФИРЫ МОНО- И ДИГЛИЦЕРИДОВ ВИННОЙ И ЖИРНЫХ КИСЛОТ;Н;Разрешен;0
264;Е472е;;Н;Разрешен;0
265;Е472f;СМЕШАННЫЕ ЭФИРЫ ГЛИЦЕРИНА, ВИННОЙ, УКСУСНОЙ И ЖИРНЫХ КИСЛОТ;Н;Разрешен;0
266;Е472g;СУКЦИНИЛИРОВАННЫЕ МОНОГЛИЦЕРИДЫ;Н;Низкий уровень опасности. Разрешен;0
267;Е473;ЭФИРЫ САХАРОЗЫ, ЭФИРЫ  ЖИРНЫХ КИСЛОТ;Н;Может содержать ГМО. Разрешен;0
268;Е474;САХАРОГЛИЦЕРИДЫ;Н;Не разрешен в большинстве стран;0
269;Е475;ЭФИРЫ ПОЛИГЛИЦЕРИДОВ И ЖИРНЫХ КИСЛОТ;Н;Может содержать ГМО. Разрешен;0
270;Е476;ПОЛИГЛИЦЕРИН ПОЛИРИЦИНОЛЕАТЫ;Н;Может содержать ГМО. Не разрешен в большинстве стран;0
271;Е477;ПРОПИЛЕНГЛИКОЛЯ, ЖИРНЫХ КИСЛОТ ЭФИРЫ      ;П;Не разрешен в большинстве стран;1
272;Е478;ЭФИРЫ ЛАКТИЛИРОВАННЫХ ЖИРНЫХ КИСЛОТ ГЛИЦЕРИНА И ПРОПИЛЕНГЛИКОЛЯ;Н;Не разрешен в большинстве стран;0
273;Е479b;;Н;Может содержать ГМО. Не разрешен в большинстве стран;0
274;Е480;ДИОКТИЛСУЛЬФОСУКЦИНАТ НАТРИЯ;Н;Не разрешен в большинстве стран;0
275;Е481;СТЕАРОИЛ-2-ЛАКТИЛАТ НАТРИЯ;Н;Может содержать ГМО. Разрешен;0
276;Е482;СТЕАРОИЛ-2-ЛАКТИЛАТ КАЛЬЦИЯ;Н;Не разрешен в большинстве стран;0
277;Е483;СТЕАРИЛТАРТРАТ;Н;Не разрешен в большинстве стран;0
278;Е484;СТЕАРИЛЦИТРАТ;Н;Не разрешен в большинстве стран;0
279;Е485;СТЕАРОИЛФУМАРАТ НАТРИЯ;Н;Не разрешен в большинстве стран;0
280;Е486;СТЕАРОИЛФУМАРАТ КАЛЬЦИЯ;Н;Не разрешен в большинстве стран;0
281;Е487;ЛАУРИЛСУЛЬФАТ НАТРИЯ;Н;Не разрешен в большинстве стран;0
282;Е488;ЭТОКСИЛИРОВАННЫЕ МОНОГЛИЦЕРИДЫ, ЭТОКСИЛИРОВАННЫЕ  ДИГЛИЦЕРИДЫ;Н;Не разрешен в большинстве стран;0
283;Е489;ЭФИР КОКОСОВОГО МАСЛА, ЭФИР МЕТИЛГЛИКОЗИДА;Н;Не разрешен в большинстве стран;0
284;Е491;СОРБИТАН МОНОСТЕАРАТ СПЭН 60;Н;Не разрешен в большинстве стран;0
285;Е492;СОРБИТАН ТРИСТЕАРАТ;Н;Не разрешен в большинстве стран;0
286;Е493;СОРБИТАН МОНОЛАУРАТ, СПЭН 20;Н;Не разрешен в ряде стран;0
287;Е494;СОРБИТАНМОНООЛЕАТ, СПЭН 80;Н;Не разрешен в ряде стран;0
288;Е495;СОРБИТАНМОНОПАЛЬМИТАТ, СПЭН 40;Н;Не разрешен в большинстве стран;0
289;Е496;СОРБИТАН ТРИОЛЕАТ, СПЭН 85;Н;Не разрешен в большинстве стран;0
290;Е497;;Н;Не разрешен;0
291;Е498;;Н;Не разрешен;0
292;Е500;КАРБОНАТ НАТРИЯ, ГИДРОКАРБОНАТ НАТРИЯ, СЕКВИКАРБОНАТ НАТРИЯ;Н;Безопасен. Разрешен;0
293;Е501;КАРБОНАТ КАЛИЯ, ГИДРОКАРБОНАТ КАЛИЯ;О;Опасный. Разрешен;1
294;Е503;КАРБОНАТ АММОНИЯ, ГИДРОКАРБОНАТ АММОНИЯ;О;Опасный. Разрешен;1
295;Е504;КАРБОНАТ МАГНИЯ, ГИДРОКСИКАРБОНАТ МАГНИЯ, ГИДРОКСИКАРБОНАТ МАГНИЯ;Н;Безопасен. Разрешен;0
296;Е505;КАРБОНАТ ЖЕЛЕЗА;Н;Не разрешен в большинстве стран;0
297;Е507;СОЛЯНАЯ КИСЛОТА;Н;Средний уровень опасности. Разрешен;0
298;Е508;ХЛОРИД КАЛИЯ;Н;Безопасен. Разрешен;0
299;Е509;ХЛОРИД КАЛЬЦИЯ;Н;Разрешен;0
300;Е510;ХЛОРИД АММОНИЯ;ОО;Очень опасен. Расстройство кишечника, негативное воздействие на печень. Разрешен;1
301;Е511;ХЛОРИД МАГНИЯ;Н;Разрешен;0
302;Е512;ХЛОРИД ОЛОВА;Н;Подозрителен. Не разрешен в большинстве стран;0
303;Е513;СЕРНАЯ КИСЛОТА;Н;Очень опасен. Расстройство кишечника, негативное воздействие на печень. Разрешен;0
304;Е514;СУЛЬФАТ НАТРИЯ, ГИДРОСУЛЬФАТ НАТРИЯ;Н;Разрешен;0
305;Е515;СУЛЬФАТ КАЛИЯ, ГИДРОСУЛЬФАТ КАЛИЯ;Н;Разрешен;0
306;Е516;СУЛЬФАТ КАЛЬЦИЯ;Н;Разрешен;0
307;Е517;СУЛЬФАТ АММОНИЯ;Н;Разрешен;0
308;Е518;СУЛЬФАТ МАГНИЯ;Н;Разрешен;0
309;Е519;СУЛЬФАТ МЕДИ;Н;Не разрешен в большинстве стран;0
310;Е520;СУЛЬФАТ АЛЮМИНИЯ;Н;Не разрешен в большинстве стран;0
311;Е521;СУЛЬФАТ АЛЮМИНИЯ-НАТРИЯ (КВАСЦЫ АЛЮМОНАТРИЕВЫЕ);Н;Не разрешен в большинстве стран;0
312;Е522;СУЛЬФАТ АЛЮМИНИЯ-КАЛИЯ;Н;Не разрешен в большинстве стран;0
313;Е523;СУЛЬФАТ АЛЮМИНИЯ-АММОНИЯ (КВАСЦЫ АЛЮМОАММИАЧНЫЕ);Н;Не разрешен в большинстве стран;0
314;Е524;ГИДРОКСИД НАТРИЯ;Н;Разрешен;0
315;Е525;ГИДРОКСИД КАЛИЯ;Н;Разрешен;0
316;Е526;ГИДРОКСИД КАЛЬЦИЯ;Н;Разрешен;0
317;Е527;ГИДРОКСИД АММОНИЯ;ОО;Очень опасен. Расстройство кишечника, негативное воздействие на печень. Запрещен в ряде стран;1
318;Е528;ГИДРОКСИД МАГНИЯ;Н;Разрешен;0
319;Е529;ОКСИД КАЛЬЦИЯ;Н;Разрешен;0
320;Е530;ОКСИД МАГНИЯ;Н;Разрешен;0
321;Е535;ФЕРРОЦИАНИД НАТРИЯ;Н;Не разрешен в большинстве стран;0
322;Е536;ФЕРРОЦИАНИД КАЛИЯ;Н;Разрешен;0
323;Е537;ГЕКСАЦИАНОМАНГАНАТ ЖЕЛЕЗА;Н;Не разрешен в большинстве стран;0
324;Е538;ФФЕРРОЦИАНИД КАЛЬЦИЯ;Н;Не разрешен в большинстве стран;0
325;Е539;ТИОСУЛЬФАТ НАТРИЯ;Н;Разрешен;0
326;Е540;;Н;Запрещен в большинстве стран;0
327;Е541;АЛЮМОФОСФАТ НАТРИЯ КИСЛОТНЫЙ, АЛЮМОФОСФАТ НАТРИЯ ОСНОВНЫЙ;Н;Не разрешен в большинстве стран;0
328;Е542;КОСТНЫЙ ФОСФАТ, ОСНОВА ЕГО ФОСФАТ КАЛЬЦИЯ 3-Х ОСНОВНЫЙ;Н;Не разрешен в большинстве стран;0
329;Е550; СИЛИКАТ НАТРИЯ, МЕТА-СИЛИКАТ НАТРИЯ;Н;Не разрешен в большинстве стран;0
330;Е551;ДИОКСИД КРЕМНИЯ;Н;Разрешен;0
331;Е552;СИЛИКАТ КАЛЬЦИЯ;Н;Не разрешен в большинстве стран;0
332;Е553а; СИЛИКАТ МАГНИЯ,  ТРИСИЛИКАТ МАГНИЯ;Н;Разрешен;0
333;Е553b;ТАЛЬК;Н;Разрешен;0
334;Е554;АЛЮМОСИЛИКАТ НАТРИЯ;Н;Не разрешен в большинстве стран;0
335;Е555;АЛЮМОСИЛИКАТ КАЛИЯ;Н;Не разрешен в большинстве стран;0
336;Е556;АЛЮМОСИЛИКАТ КАЛЬЦИЯ;Н;Не разрешен в большинстве стран;0
337;Е557;СИЛИКАТ ЦИНКА;Н;Не разрешен в большинстве стран;0
338;Е558;БЕНТОНИТ;Н;Разрешен;0
339;Е559;АЛЮМОСИЛИКАТ (КАОЛИН);Н;Не разрешен в большинстве стран;0
340;Е560;СИЛИКАТ КАЛИЯ;Н;Не разрешен в большинстве стран;0
341;Е561;;Н;Не разрешен;0
342;Е562;;Н;Не разрешен;0
343;Е563;;Н;Не разрешен;0
344;Е566;;Н;Не разрешен;0
345;Е570;ЖИРНЫЕ КИСЛОТЫ;Н;Может содержать ГМО. Разрешен;0
346;Е572;;Н;Запрещен в большинстве стран;0
347;Е574;ГЛЮКОНОВАЯ КИСЛОТА (D-);Н;Не разрешен в большинстве стран;0
348;Е575;ГЛЮКОНО-D-ЛАКТОН;Н;Разрешен;0
349;Е576;ГЛЮКОНАТ НАТРИЯ;Н;Не разрешен в большинстве стран;0
350;Е577;;Н;Не разрешен в большинстве стран;0
351;Е578;ГЛЮКОНАТ КАЛЬЦИЯ;Н;Разрешен;0
352;Е579;ГЛЮКОНАТ ЖЕЛЕЗА;Н;Не разрешен в большинстве стран;0
353;Е580;ГЛЮКОНАТ МАГНИЯ;Н;Не разрешен в большинстве стран;0
354;Е585;ЛАКТАТ ЖЕЛЕЗА;Н;Разрешен;0
355;Е586;4-ГЕКСИЛРЕЗОРЦИН;Н;Разрешен;0
356;Е598;;Н; ;0
357;Е599;;Н; ;0
358;Е620;ГЛУТАМИНОВАЯ КИСЛОТА;О;Опасный. Аллергические реакции. Негативное влияние на детей. Данная пищевая добавка может содержать ГМО. Разрешен;1
359;Е621;ГЛУТАМАТ НАТРИЯ, ГЛУТАМАТ НАТРИЯ ОДНОЗАМЕЩЕННЫЙ;Н;Аллергические реакции. Негативное влияние на детей. Данная пищевая добавка может содержать ГМО. Разрешен;0
360;Е622;ГЛУТАМАТ КАЛИЯ, ГЛУТАМАТ КАЛИЯ ОДНОЗАМЕЩЕННЫЙ;Н;Негативное влияние на детей. Данная пищевая добавка может содержать ГМО. Не разрешен в ряде стран;0
361;Е623;ГЛУТАМАТ КАЛЬЦИЯ, ДИГЛУТАМАТ КАЛЬЦИЯ;Н;Негативное влияние на детей. Данная пищевая добавка может содержать ГМО. Не разрешен в ряде стран;0
362;Е624;ГЛУТАМАТ АММОНИЯ, ГЛУТАМАТ АММОНИЯ ОДНОЗАМЕЩЕННЫЙ;Н;Негативное влияние на детей. Данная пищевая добавка может содержать ГМО. Не разрешен в ряде стран;0
363;Е625;ГЛУТАМАТ МАГНИЯ;Н;Негативное влияние на детей. Данная пищевая добавка может содержать ГМО. Не разрешен в ряде стран;0
364;Е626;ГУАНИЛОВАЯ КИСЛОТА;РК;Кишечные растройства. Данная пищевая добавка может содержать ГМО. Разрешен;1
365;Е627;ГУАНИЛАТ НАТРИЯ, ГУАНИЛАТ НАТРИЯ ДВУЗАМЕЩЕННЫЙ;РК;Кишечные растройства. Нагативно влияет на детей. Данная пищевая добавка может содержать ГМО. Разрешен;1
366;Е628;ГУАНИЛАТ КАЛИЯ;РК;Кишечные растройства. Данная пищевая добавка может содержать ГМО. Не разрешен в ряде стран;1
367;Е629;ГУАНИЛАТ КАЛЬЦИЯ;РК;Кишечные растройства. Не разрешен в большинстве стран. Данная пищевая добавка может содержать ГМО;1
368;Е630;ИНОЗИНОВАЯ КИСЛОТА;РК;Кишечные растройства. Данная пищевая добавка может содержать ГМО. Разрешен;1
369;Е631;ИНОЗИНАТ НАТРИЯ, ИНОЗИНАТ НАТРИЯ ДВУЗАМЕЩЕННЫЙ;РК;Кишечные растройства. Нагативно влияет на детей. Данная пищевая добавка может содержать ГМО. Разрешен;1
370;Е632;ИНОЗИНАТ КАЛИЯ, ИНОЗИНАТ КАЛИЯ ДВУЗАМЕЩЕННЫЙ;РК;Кишечные растройства. Не разрешен в большинстве стран. Данная пищевая добавка может содержать ГМО;1
371;Е633;ИНОЗИНАТ КАЛЬЦИЯ;РК;Кишечные растройства. Не разрешен в большинстве стран. Данная пищевая добавка может содержать ГМО;1
372;Е634;РИБУНУКЛЕОТИД КАЛЬЦИЯ, 5’-РИБУНУКЛЕОТИДЫ КАЛЬЦИЯ;РК;Кишечные растройства. Не разрешен в большинстве стран;1
373;Е635;РИБУНУКЛЕОТИД НАТРИЯ, 5-РИБУНУКЛЕОТИДЫ НАТРИЯ ДВУЗАМЕЩЕННЫЕ;РК;Кишечные растройства. Не разрешен в большинстве стран;1
374;Е636;МАЛЬТОЛ;О;Опасный. Запрещен в большинстве стран;1
375;Е637;ЭТИЛМАЛЬТОЛ;О;Опасный. Разрешен;1
376;Е640;ГЛИЦИН, ГЛИКОКОЛ;Н;Не разрешен в большинстве стран;0
377;Е641;ЛЕЙЦИН, L-ЛЕЙЦИН;Н;Низкий уровень опасности и может быть полезен. Не разрешен в большинстве стран;0
378;Е642;ЛИЗИН, ЛИЗИН ГИДРОХЛОРИД;Н;Разрешен;0
379;Е650;АЦЕТАТ ЦИНКА, ;Н;Разрешен;0
380;Е700;;Н;Разрешен;0
381;Е701;;Н;Разрешен;0
382;Е702;;Н; ;0
383;Е703;;Н; ;0
384;Е704;;Н;Разрешен;0
385;Е705;;Н;Разрешен;0
386;Е706;;Н;Разрешен;0
387;Е707;;Н;Разрешен;0
388;Е708;;Н;Разрешен;0
389;Е710;;Н;Разрешен;0
390;Е711;;Н;Разрешен;0
391;Е712;;Н;Разрешен;0
392;Е713;;Н;Разрешен;0
393;Е714;;Н;Разрешен;0
394;Е715;;Н;Разрешен;0
395;Е716;;Н;Разрешен;0
396;Е717;;Н;Разрешен;0
397;Е900;ДИМЕТИЛПОЛИСИЛОКСАН, ПОЛИДИМЕТИЛСИЛОКСАН ;Н;Низкий уровень опасности. Аллергические реакции. Разрешен;0
398;Е901;ПЧЕЛИНЫЙ ВОСК, ЖЕЛТЫЙ ПЧЕЛИНЫЙ ВОСК, БЕЛЫЙ ПЧЕЛИНЫЙ ВОСК ;Н;Средний уровень опасности. Аллергические реакции. Разрешен;0
399;Е902;ВОСК СВЕЧНОЙ;Н;Низкий уровень опасности. Аллергические реакции. Разрешен;0
400;Е903;ВОСК КАРНАУБСКИЙ;Н;Безопасен. Аллергические реакции. Разрешен;0
401;Е904;ШЕЛЛАК;Н;Аллергические реакции. Разрешен;0
402;Е905а;ВАЗЕЛИНОВОЕ МАСЛО, ВАЗЕЛИНОВОЕ МАСЛО “ПИЩЕВОЕ”;Н;Подозрителен. Не разрешен;0
403;Е905b;ВАЗЕЛИН;Н;Подозрителен. Не разрешен;0
404;Е905с;;Н;Низкий уровень опасности. Разрешен;0
405;Е906;БЕНЗОЙНАЯ СМОЛА;Н;Подозрителен. Не разрешен в большинстве стран;0
406;Е907;ПОЛИ-1-ДЕЦЕН ГИДРОГЕНИЗИРОВАННЫЙ, ДЕЦЕН, ГИДРОГЕНИЗИРОВАННЫЙ ПОЛИДЕЦЕН;С;Негативное влияние на кожу, сыпь. Запрещен в большинстве стран;1
407;Е908;ВОСК РИСОВЫХ ОТРУБЕЙ;Н;Не разрешен в большинстве стран;0
408;Е909;СПЕРМАЦЕТОВЫЙ ВОСК;Н;Не разрешен в большинстве стран;0
409;Е910;ВОСКОВЫЕ ЭФИРЫ;Н;Не разрешен в большинстве стран;0
410;Е911;МЕТИЛОВЫЙ ЭФИР;Н;Не разрешен в большинстве стран;0
411;Е912;МОНТАНОВОЙ КИСЛОТЫ ЭФИР, ОКТАКОЗАНОВОЙ КИСЛОТЫ ЭФИР;Н;Разрешен;0
412;Е913;ЛАНОЛИН;Н;Низкий уровень опасности. Не разрешен в ряде стран;0
413;Е914;ПОЛИЭТИЛЕНОВЫЙ ВОСК;Н;Разрешен;0
414;Е915;;Н;Запрещен в большинстве стран;0
415;Е916;КАЛЬЦИЯ ЙОДАТ;Н;Подозрителен. Негативное влияние на детей. Не разрешен в большинстве стран;0
416;Е917;КАЛИЯ ЙОДАТ;Н;Подозрителен. Негативное влияние на детей. Не разрешен в большинстве стран;0
417;Е918;ОКСИД АЗОТА;Н;Не разрешен в большинстве стран;0
418;Е919;НИТРОЗИЛ ХЛОРИД;Н;Не разрешен в большинстве стран;0
419;Е920;ЦИСТЕИН, L-ЦИСТЕИН, НАТРИЕВАЯ СОЛЬ, КАЛИЕВАЯ СОЛЬ;Н;Разрешен;0
420;Е921;ЦИСТИН, L-ЦИСТЕИН, НАТРИЕВАЯ СОЛЬ, КАЛИЕВАЯ СОЛЬ;Н;Запрещен в большинстве стран;0
421;Е922;ПЕРСУЛЬФАТ КАЛИЯ;Н;Не разрешен в большинстве стран;0
422;Е923;ПЕРСУЛЬФАТ АММОНИЯ;Н;Не разрешен в большинстве стран;0
423;Е924а;;Н;Очень опасен. Раковые опухоли. Не разрешен;0
424;Е924b;БРОМАТ КАЛЬЦИЯ;Н;Очень опасен. Раковые опухоли. Не разрешен в большинстве стран;0
425;Е925;ХЛОР;Н;Не разрешен в большинстве стран;0
426;Е926;ЛИОКСИД ХЛОРА;Н;Не разрешен в большинстве стран;0
427;Е927а;;Н;Запрещен в большинстве стран;0
428;Е927b;КАРБАМИД, МОЧЕВИНА;Н;Разрешен;0
429;Е928;ПЕРОКСИД БЕНЗОИЛА;Н;Запрещен в большинстве стран;0
430;Е929;ПЕРЕКИСЬ АЦЕТОНА;Н;Не разрешен в большинстве стран;0
431;Е930;ПЕРОКСИД КАЛЬЦИЯ;Н;Разрешен;0
432;Е938;АРГОН;Н;Разрешен;0
433;Е939;ГЕЛИЙ;Н;Разрешен;0
434;Е940;ДИХЛОРДИФТОРМЕТАН, ХЛАДОН-12, ХЛАДОН;Н;Запрещен в большинстве стран;0
435;Е941;АЗОТ;Н;Разрешен;0
436;Е942;ДИАЗОМОНООКСИД, ЗАКИСЬ АЗОТА;Н;Не разрешен в большинстве стран;0
437;Е943а;;Н;Не разрешен в большинстве стран;0
438;Е943b;ИЗОБУТАН;Н;Не разрешен в большинстве стран;0
439;Е944;ПРОПАН;Н;Не разрешен в большинстве стран;0
440;Е945;ХЛОПЕНТАФТОРЭТАН;Н;Не разрешен в большинстве стран;0
441;Е946;ОКТАФТОРЦИКЛОБУТАН;Н;Не разрешен в большинстве стран;0
442;Е948;КИСЛОРОД;Н;Разрешен;0
443;Е949;ВОДОРОД;Н;Разрешен;0
444;Е950;АЦЕСУЛЬФАМ КАЛИЯ;Н;Разрешен;0
445;Е951;АСПАРТАМ;ВК ;Опасный. При нагревании выделяется яд - метанол, вреден для кожи. Данная пищевая добавка может содержать ГМО. Опасен при термообработке. Разрешен;1
446;Е952;ЦИКЛАМОВАЯ КИСЛОТА, СОЛЬ ЦИКЛАМОВОЙ КИСЛОТЫ;З;Подозрителен. Негативное влияние на детей, имеет канцерогенные свойства. Запрещен в ряде стран;3
447;Е953;ИЗОМАЛЬТИТ, ИЗОМАЛЬТ;Н;Может содержать ГМО. Разрешен;0
448;Е954;САХАРИН, СОЛЬ САХАРИНА;Р;Низкий уровень опасности. Негативное влияние на детей. Не рекомендуется употреблять совместно с сахаром. Может быть канцерогенным. Разрешен;2
449;Е955;СУКРАЛОЗА, ТРИХЛОРГАЛАКТОСАХАРОЗА;Н;Безопасен. Разрешен;0
450;Е956;;Н;Запрещен в большинстве стран;0
451;Е957;ТАУМАТИН;Н;Безопасен. Данная пищевая добавка может содержать ГМО. Не разрешен в ряде стран;0
452;Е958;ГЛИЦИРРИЗИН;Н;Не разрешен;0
453;Е959;НЕОГЕСПЕРИДИН, ДИГИДРОХАЛКОН;Н;Не разрешен в ряде стран;0
454;Е960;СТЕВИОЗИД;Н;Разрешен;0
455;Е961;;Н;Не разрешен в ряде стран;0
456;Е962;АСПАРТАМ-АЦЕСУЛЬФАМА СОЛЬ ;Н;Разрешен;0
457;Е965;МАЛЬТИТ, МАЛЬТИТНЫЙ СИРОП;Н;Может содержать ГМО. Разрешен;0
458;Е966;ЛАКТИТ;Н;Разрешен;0
459;Е967;КСИЛИТ;Н;Негативное воздействие на почки. Разрешен;0
460;Е968;ЭРИТРИТ;Н;Разрешен;0
461;Е999;ЭКСТРАКТ КВИЛЛАЙИ;Н;Средний уровень опасности. Разрешен;0
462;Е1000;ХОЛИЕВАЯ КИСЛОТА;Н;Не разрешен в большинстве стран;0
463;Е1001;ХОЛИН;Н;Не разрешен в большинстве стран;0
464;Е1100;;Н;Запрещен в большинстве стран;0
465;Е1101;ПРОТЕАЗА, ПАПАИН, БРОМЕЛАЙН, ФИЦИН;Н;Разрешен;0
466;Е1102;ГЛЮКОЗООКСИДАЗА;Н;Запрещен в большинстве стран;0
467;Е1103;ИНВЕРТАЗА;Н;Разрешен;0
468;Е1104;ЛИПАЗА;Н;Разрешен;0
469;Е1105;ЛИЗОЦИМ;ВК;Негативное влияние на кожу. Не разрешен в большинстве стран;1
470;Е1200;ПОЛИДЕКСТРОЗА;Н;Разрешен;0
471;Е1201;ПОЛИВИНИЛПИРРОЛИДОН;Н;Разрешен;0
472;Е1202;ПОЛИВИНИЛПОЛИПИРРОЛИДОН;Н;Разрешен;0
473;Е1203;ПОЛИВИНИЛОВЫЙ СПИРТ;Н;Разрешен;0
474;Е1204;ПУЛЛУЛАН;Н;Разрешен;0
475;Е1400;ДЕКСТРИН, БЕЛЫЙ КРАХМАЛ ТЕРМИЧЕСКИЙ, ЖЕЛТЫЙ КРАХМАЛ ТЕРМИЧЕСКИЙ;Н;Разрешен;0
476;Е1401;ОБРАБОТАННЫЙ КИСЛОТОЙ КРАХМАЛ;Н;Запрещен в большинстве стран;0
477;Е1402;;Н;Запрещен в большинстве стран;0
478;Е1403;ОТБЕЛЕННЫЙ КРАХМАЛ;Н;Запрещен в большинстве стран;0
479;Е1404;КРАХМАЛ ОКИСЛЕННЫЙ;Н;Разрешен;0
480;Е1405;;Н;Разрешен;0
481;Е1410;МОНОКРАХМАЛФОСФАТ;Н;Разрешен;0
482;Е1411;"СШИТЫЙ ДИКРАХМАЛГЛИЦЕРИН, ДИКРАХМАЛГЛИЦЕРИН ""СШИТЫЙ""";Н;Разрешен;0
483;Е1412;ДИКРАХМАЛФОСФАТ;Н;Разрешен;0
484;Е1413; ФОСФАТИРОВАННЫЙ ДИКРАХМАЛФОСФАТ “СШИТЫЙ”;Н;Разрешен;0
485;Е1414;"АЦЕТИЛИРОВАННЫЙ ДИКРАХМАЛФОСФАТ ""СШИТЫЙ""";Н;Разрешен;0
486;Е1420;КРАХМАЛ АЦЕТАТНЫЙ;Н;Разрешен;0
487;Е1421;КРАХМАЛ АЦЕТАТНЫЙ;Н;Запрещен в большинстве стран;0
488;Е1422;ДИКРАХМАЛАДИПАТ АЦЕТИЛИРОВАННЫЙ, ДИКРАХМАЛАДИПАТ    ;Н;Разрешен;0
489;Е1423;ДИКРАХМАЛГЛИЦЕРИН, ДИКРАХМАЛГЛИЦЕРИН АЦЕТИЛИРОВАННЫЙ;Н;Разрешен;0
490;Е1430;;Н;Запрещен в большинстве стран;0
491;Е1440;ОКСИПРОПИЛИРОВАННЫЙ КРАХМАЛ;Н;Разрешен;0
492;Е1441;;Н;Запрещен в большинстве стран;0
493;Е1442;"ДИКРАХМАЛФОСФАТ ОКСИПРОПИЛИРОВАННЫЙ""СШИТЫЙ""    ";Н;Разрешен;0
494;Е1443;ДИКРАХМАЛГЛИЦЕРИН, ДИКРАХМАЛГЛИЦЕРИН ОКСИПРОПИЛИРОВАННЫЙ;Н;Разрешен;0
495;Е1450;ОКТЕНИЛЯНТАРНОЙ КИСЛОТЫ ЭФИР;Н;Разрешен;0
496;Е1451;КРАХМАЛ АЦЕТИЛИРОВАННЫЙ ОКИСЛЕННЫЙ;Н;Разрешен;0
497;Е1452;;Н;Разрешен;0
498;Е1501;;Н;Запрещен в большинстве стран;0
499;Е1502;;Н;Запрещен в большинстве стран;0
500;Е1503;КАСТОРОВОЕ МАСЛО;Н;Не разрешен в ряде стран;0
501;Е1504;;Н;Запрещен в большинстве стран;0
502;Е1505;ТРИЭТИЛЦИТРАТ;Н;Разрешен;0
503;Е1510;;Н;Разрешен;0
504;Е1516;;Н;Запрещен в большинстве стран;0
505;Е1517;ДИАЦЕТИН, ГЛИЦЕРИЛДИАЦЕТАТ;Н;Запрещен в большинстве стран;0
506;Е1518;ГЛИЦЕРИЛ ТРИАЦЕТАТ, ТРИАЦЕТИН;Н;Безопасен. Различные ароматизаторы. Разрешен;0
507;Е1519;БЕНЗИЛОВЫЙ СПИРТ;Н;Запрещен в большинстве стран;0
508;Е1520;ПРОПИЛЕНГЛИКОЛЬ;Н;Разрешен;0
509;Е1521;ПОЛИЭТИЛЕНГЛИКОЛЬ;Н;Не разрешен в большинстве стран;0
510;Е1525;;Н;Запрещен в большинстве стран;0
